a,2019-08-16 13:04:54.458,-0.02001953125,0.092529296875,-0.9815521240234376,0.057124
a,2019-08-16 13:04:54.558,-0.03167724609375,0.0821075439453125,-0.997161865234375,0.062525
a,2019-08-16 13:04:54.658,-0.031036376953125,0.0875701904296875,-1.0056610107421875,0.091534
a,2019-08-16 13:04:54.758,-0.0323944091796875,0.074798583984375,-0.990814208984375,0.07384600000000001
a,2019-08-16 13:04:54.857,-0.0312957763671875,0.091400146484375,-0.9964447021484376,0.13548
a,2019-08-16 13:04:54.957,-0.0316162109375,0.08526611328125,-0.99188232421875,0.08433099999999999
a,2019-08-16 13:04:55.057,-0.03094482421875,0.08880615234375,-0.9909210205078124,0.16838
a,2019-08-16 13:04:55.157,-0.04150390625,0.085723876953125,-0.984649658203125,0.083034
a,2019-08-16 13:04:55.257,-0.0555267333984375,0.064453125,-0.982391357421875,0.17687999999999998
a,2019-08-16 13:04:55.357,-0.091583251953125,0.1099853515625,-1.0166168212890625,0.065969
a,2019-08-16 13:04:55.457,-0.15362548828125,0.1007843017578125,-1.0054168701171875,0.15993
a,2019-08-16 13:04:55.557,-0.066314697265625,0.0830535888671875,-0.9747772216796876,0.037688
a,2019-08-16 13:04:55.656,0.08941650390625,0.0624542236328125,-1.0183868408203125,0.12326
a,2019-08-16 13:04:55.756,0.0673370361328125,-0.02667236328125,-1.0113983154296875,0.026655
a,2019-08-16 13:04:55.856,0.00640869140625,-0.0377197265625,-0.9459228515625,0.083208
a,2019-08-16 13:04:55.956,-0.062896728515625,0.14923095703125,-0.9764862060546876,0.042987
a,2019-08-16 13:04:56.055,-0.0740203857421875,0.1744232177734375,-0.985137939453125,0.057525
a,2019-08-16 13:04:56.156,-0.0133819580078125,0.1257171630859375,-0.96173095703125,0.050718
a,2019-08-16 13:04:56.255,-0.052398681640625,-0.0493011474609375,-1.0180816650390625,0.040847
a,2019-08-16 13:04:56.356,-0.1308135986328125,-0.0133819580078125,-1.008056640625,0.044338999999999996
a,2019-08-16 13:04:56.455,-0.1540985107421875,0.0585784912109375,-0.9961700439453124,0.041520999999999995
a,2019-08-16 13:04:56.555,-0.0010986328125,0.0966033935546875,-0.9829254150390624,0.042194
a,2019-08-16 13:04:56.655,0.130767822265625,0.0909271240234375,-0.9854583740234376,0.044347000000000004
a,2019-08-16 13:04:56.755,0.0524444580078125,0.059112548828125,-0.917266845703125,0.039141
a,2019-08-16 13:04:56.855,-0.12158203125,0.2490692138671875,-1.133819580078125,0.04625
a,2019-08-16 13:04:56.955,-0.1336517333984375,0.1240081787109375,-1.0415802001953125,0.037682
a,2019-08-16 13:04:57.054,-0.1751251220703125,0.1443023681640625,-0.9990386962890624,0.047688999999999995
a,2019-08-16 13:04:57.154,-0.136688232421875,0.1134796142578125,-0.9827117919921876,0.038998000000000005
a,2019-08-16 13:04:57.254,0.0033416748046875,0.105682373046875,-0.9949951171875,0.046942000000000005
a,2019-08-16 13:04:57.354,0.010772705078125,-0.04791259765625,-1.0271148681640625,0.041351
a,2019-08-16 13:04:57.453,-0.06549072265625,0.074310302734375,-1.0106048583984375,0.045252
a,2019-08-16 13:04:57.553,-0.0420074462890625,0.0467529296875,-0.9861602783203124,0.044459
a,2019-08-16 13:04:57.653,0.006561279296875,0.19525146484375,-0.96533203125,0.044715
a,2019-08-16 13:04:57.753,0.0021820068359375,0.1461334228515625,-1.004180908203125,0.046238
a,2019-08-16 13:04:57.853,-0.0283660888671875,0.0807037353515625,-0.99560546875,0.046088
a,2019-08-16 13:04:57.953,-0.0869293212890625,0.032440185546875,-1.0098876953125,0.04632
a,2019-08-16 13:04:58.053,-0.066650390625,0.0814056396484375,-0.99920654296875,0.04659
a,2019-08-16 13:04:58.153,-0.04852294921875,0.1016387939453125,-1.0078887939453125,0.042707999999999996
a,2019-08-16 13:04:58.252,-0.012298583984375,0.0792388916015625,-0.975921630859375,0.046174
a,2019-08-16 13:04:58.352,-0.022125244140625,0.0760650634765625,-0.9935150146484376,0.039805
a,2019-08-16 13:04:58.452,-0.0148162841796875,0.07147216796875,-0.9958038330078124,0.047046
a,2019-08-16 13:04:58.552,-0.0275421142578125,0.102996826171875,-0.9993133544921876,0.041734
a,2019-08-16 13:04:58.652,-0.0207366943359375,0.0888519287109375,-0.994781494140625,0.05264099999999999
a,2019-08-16 13:04:58.751,-0.0225067138671875,0.0872650146484375,-1.00030517578125,0.043079
a,2019-08-16 13:04:58.851,-0.00860595703125,0.0510101318359375,-0.978729248046875,0.045987
a,2019-08-16 13:04:58.951,-0.04046630859375,0.085906982421875,-0.9890594482421876,0.040164
a,2019-08-16 13:04:59.050,-0.03375244140625,0.08746337890625,-1.0066070556640625,0.044565
,,,,,0.045347000000000005
,,,,,0.044581
,,,,,0.046942000000000005
,,,,,0.042759
,,,,,0.047222
,,,,,0.040406
,,,,,0.046783
,,,,,0.039673
,,,,,0.048082
,,,,,0.042719
,,,,,0.050332999999999996
,,,,,0.03968
,,,,,0.044410000000000005
,,,,,0.042712
,,,,,0.076313
,,,,,0.045731
,,,,,0.092691
,,,,,0.049042
,,,,,0.10975
,,,,,0.094678
,,,,,0.13892000000000002
,,,,,0.14869000000000002
,,,,,0.14626
,,,,,0.18200999999999998
,,,,,0.13217
,,,,,0.18538
,,,,,0.096987
,,,,,0.16249
,,,,,0.049767
,,,,,0.12684
,,,,,0.0038594000000000002
,,,,,0.088673
,,,,,0.032168
,,,,,0.070976
,,,,,0.06546
,,,,,0.070846
,,,,,0.06605499999999999
,,,,,0.060953
,,,,,0.06477999999999999
,,,,,0.063202
,,,,,0.06590700000000001
,,,,,0.06399400000000001
,,,,,0.06261900000000001
,,,,,0.063294
,,,,,0.059872
,,,,,0.066248
,,,,,0.066995
,,,,,0.074879
,,,,,0.074213
,,,,,0.06192
,,,,,0.07117000000000001
,,,,,0.049597
,,,,,0.0809
,,,,,0.0439
,,,,,0.087421
,,,,,0.042917000000000004
,,,,,0.081241
,,,,,0.048081
,,,,,0.0776
,,,,,0.05849
,,,,,0.067835
,,,,,0.063701
,,,,,0.057
,,,,,0.0627
,,,,,0.052493
,,,,,0.068106
,,,,,0.053217999999999994
,,,,,0.076512
,,,,,0.055422000000000006
,,,,,0.073656
,,,,,0.057842
,,,,,0.059608
,,,,,0.051775999999999996
,,,,,0.055303
,,,,,0.051949
,,,,,0.063662
,,,,,0.029479
,,,,,0.089283
,,,,,0.029513
,,,,,0.11367999999999999
,,,,,0.055597
,,,,,0.12159
,,,,,0.077793
,,,,,0.10595
,,,,,0.084525
,,,,,0.074407
,,,,,0.078153
,,,,,0.042554
,,,,,0.06475800000000001
,,,,,0.039284
,,,,,0.053626
,,,,,0.040332
,,,,,0.038236
,,,,,0.043154000000000005
,,,,,0.039017
,,,,,0.043001
,,,,,0.042821
,,,,,0.0431
,,,,,0.040373
,,,,,0.040227
,,,,,0.039675999999999996
,,,,,0.042558
,,,,,0.039075
,,,,,0.044409
,,,,,0.036741
,,,,,0.046873000000000005
,,,,,0.03735
,,,,,0.052383000000000006
,,,,,0.043882
,,,,,0.0473
,,,,,0.034948
,,,,,0.042024
,,,,,0.063563
,,,,,0.032782
,,,,,0.086502
,,,,,0.025253
,,,,,0.12961
,,,,,0.082764
,,,,,0.16669
,,,,,0.14698
,,,,,0.18766
,,,,,0.19294
,,,,,0.18165
,,,,,0.20661999999999997
,,,,,0.14604
,,,,,0.19205999999999998
,,,,,0.087965
,,,,,0.15769
,,,,,0.022139
,,,,,0.10778
,,,,,0.012620999999999999
,,,,,0.076488
,,,,,0.027587
,,,,,0.082817
,,,,,0.017100999999999998
,,,,,0.10570999999999998
,,,,,0.04141
,,,,,0.13035
,,,,,0.084911
,,,,,0.14247
,,,,,0.12000999999999999
,,,,,0.13505
,,,,,0.13593
,,,,,0.10737000000000001
,,,,,0.13222
,,,,,0.067371
,,,,,0.1098
,,,,,0.037326
,,,,,0.079136
,,,,,0.038247
,,,,,0.059975
,,,,,0.044449
,,,,,0.065924
,,,,,0.034697000000000006
,,,,,0.087552
,,,,,0.038317000000000004
,,,,,0.11314
,,,,,0.084847
,,,,,0.13082
,,,,,0.13124
,,,,,0.13335999999999998
,,,,,0.16114
,,,,,0.11348
,,,,,0.1645
,,,,,0.074056
,,,,,0.14533
,,,,,0.026561
,,,,,0.10991
,,,,,0.015919
,,,,,0.079414
,,,,,0.043147000000000005
,,,,,0.060926
,,,,,0.073179
,,,,,0.052271000000000005
,,,,,0.082178
,,,,,0.027636
,,,,,0.10479000000000001
,,,,,0.021644999999999998
,,,,,0.14077
,,,,,0.053940999999999996
,,,,,0.17732
,,,,,0.08955700000000001
,,,,,0.19776
,,,,,0.11264
,,,,,0.19259
,,,,,0.11549000000000001
,,,,,0.15999000000000002
,,,,,0.10328
,,,,,0.10948
,,,,,0.082204
,,,,,0.06351699999999999
,,,,,0.06663
,,,,,0.044584
,,,,,0.0585
,,,,,0.041158
,,,,,0.044645
,,,,,0.034518
,,,,,0.049083
,,,,,0.030291000000000002
,,,,,0.050553
,,,,,0.029467
,,,,,0.049071
,,,,,0.031180000000000003
,,,,,0.046838
,,,,,0.034459
,,,,,0.031586
,,,,,0.018822
,,,,,0.059987
,,,,,0.06215
,,,,,0.12661
,,,,,0.12807000000000002
,,,,,0.2012
,,,,,0.19242
,,,,,0.25347
,,,,,0.22664
,,,,,0.26419000000000004
,,,,,0.22199000000000002
,,,,,0.23126999999999998
,,,,,0.17818
,,,,,0.1639
,,,,,0.11629
,,,,,0.08845900000000001
,,,,,0.058158
,,,,,0.035087
,,,,,0.031414
,,,,,0.0
,,,,,0.0
,,,,,0.0
,,,,,0.0
,,,,,0.0
,,,,,0.0
,,,,,0.0
,,,,,0.0
,,,,,0.0
,,,,,0.0
,,,,,0.0
,,,,,0.0
,,,,,0.0
,,,,,0.0
,,,,,0.0
,,,,,0.0
,,,,,0.0
,,,,,0.0
,,,,,0.0
,,,,,0.0
,,,,,0.0
,,,,,0.0
,,,,,0.0
,,,,,0.0
,,,,,0.0
,,,,,0.0
,,,,,0.0
,,,,,0.0
,,,,,0.0
,,,,,0.0
,,,,,0.0
,,,,,0.0
,,,,,0.0
,,,,,0.0
,,,,,0.0
,,,,,0.0
,,,,,0.0
,,,,,0.0
,,,,,0.0
,,,,,0.0
,,,,,0.0
,,,,,0.0
,,,,,0.0
,,,,,0.0
,,,,,0.0
,,,,,0.0
,,,,,0.0
,,,,,0.0
,,,,,0.0
,,,,,0.0
,,,,,0.0
,,,,,0.0
,,,,,0.0
,,,,,0.0
,,,,,0.0
,,,,,0.0
,,,,,0.0
,,,,,0.0
,,,,,0.0
,,,,,0.0
,,,,,0.0
,,,,,0.0
,,,,,0.0
,,,,,0.0
,,,,,0.0
,,,,,0.0
,,,,,0.0
,,,,,0.0
,,,,,0.0
,,,,,0.0
,,,,,0.0
,,,,,0.0
,,,,,0.0
,,,,,0.0
,,,,,0.0
,,,,,0.0
,,,,,0.0
,,,,,0.0
,,,,,0.0
,,,,,0.0
,,,,,0.0
,,,,,0.0
,,,,,0.0
,,,,,0.0
,,,,,0.0
,,,,,0.0
,,,,,0.0
,,,,,0.0
,,,,,0.0
,,,,,0.0
,,,,,0.0
,,,,,0.0
,,,,,0.0
,,,,,0.0
,,,,,0.0
,,,,,0.0
,,,,,0.0
,,,,,0.0
,,,,,0.0
,,,,,0.0
,,,,,0.0
,,,,,0.0
,,,,,0.0
,,,,,0.0
,,,,,0.0
,,,,,0.0
,,,,,0.0
,,,,,0.0
,,,,,0.0
,,,,,0.0
,,,,,0.0
,,,,,0.0
,,,,,0.0
,,,,,0.0
,,,,,0.0
,,,,,0.0
,,,,,0.0
,,,,,0.0
,,,,,0.0
,,,,,0.0
,,,,,0.0
,,,,,0.0
,,,,,0.0
,,,,,0.0
,,,,,0.0
,,,,,0.0
,,,,,0.0
,,,,,0.0
,,,,,0.0
,,,,,0.0
,,,,,0.0
,,,,,0.0
,,,,,0.0
,,,,,0.0
,,,,,0.0
,,,,,0.0
,,,,,0.0
,,,,,0.0
,,,,,0.0
,,,,,0.0
,,,,,0.0
,,,,,0.0
,,,,,0.0
,,,,,0.0
,,,,,0.0
,,,,,0.0
,,,,,0.0
,,,,,0.0
,,,,,0.0
,,,,,0.0
,,,,,0.0
,,,,,0.0
,,,,,0.0
,,,,,0.0
,,,,,0.0
,,,,,0.0
,,,,,0.0
,,,,,0.0
,,,,,0.0
,,,,,0.0
,,,,,0.0
,,,,,0.0
,,,,,0.0
,,,,,0.0
,,,,,0.0
,,,,,0.0
,,,,,0.0
,,,,,0.0
,,,,,0.0
,,,,,0.0
,,,,,0.0
,,,,,0.0
,,,,,0.0
,,,,,0.0
,,,,,0.0
,,,,,0.0
,,,,,0.0
,,,,,0.0
,,,,,0.0
,,,,,0.0
,,,,,0.0
,,,,,0.0
,,,,,0.0
,,,,,0.0
,,,,,0.0
,,,,,0.0
,,,,,0.0
,,,,,0.0
,,,,,0.0
,,,,,0.0
,,,,,0.0
,,,,,0.0
,,,,,0.0
,,,,,0.0
,,,,,0.0
,,,,,0.0
,,,,,0.0
,,,,,0.0
,,,,,0.0
,,,,,0.0
,,,,,0.0
,,,,,0.0
,,,,,0.0
,,,,,0.0
,,,,,0.0
,,,,,0.0
,,,,,0.0
,,,,,0.0
,,,,,0.0
,,,,,0.0
,,,,,0.0
,,,,,0.0
,,,,,0.0
,,,,,0.0
,,,,,0.0
,,,,,0.0
,,,,,0.0
,,,,,0.0
,,,,,0.0
,,,,,0.0
,,,,,0.0
,,,,,0.0
,,,,,0.0
,,,,,0.0
,,,,,0.0
,,,,,0.0
,,,,,0.0
,,,,,0.0
,,,,,0.0
,,,,,0.0
,,,,,0.0
,,,,,0.0
,,,,,0.0
,,,,,0.0
,,,,,0.0
,,,,,0.0
,,,,,0.0
,,,,,0.0
,,,,,0.0
,,,,,0.0
,,,,,0.0
,,,,,0.0
,,,,,0.0
,,,,,0.0
,,,,,0.0
,,,,,0.0
,,,,,0.0
,,,,,0.0
,,,,,0.0
,,,,,0.0
,,,,,0.0
,,,,,0.0
,,,,,0.0
,,,,,0.0
,,,,,0.0
,,,,,0.0
,,,,,0.0
,,,,,0.0
,,,,,0.0
,,,,,0.0
,,,,,0.0
,,,,,0.0
,,,,,0.0
,,,,,0.0
,,,,,0.0
,,,,,0.0
,,,,,0.0
,,,,,0.0
,,,,,0.0
,,,,,0.0
,,,,,0.0
,,,,,0.0
,,,,,0.0
,,,,,0.0
,,,,,0.0
,,,,,0.0
,,,,,0.0
,,,,,0.0
,,,,,0.0
,,,,,0.0
,,,,,0.0
,,,,,0.0
,,,,,0.0
,,,,,0.0
,,,,,0.0
,,,,,0.0
,,,,,0.0
,,,,,0.0
,,,,,0.0
,,,,,0.0
,,,,,0.0
,,,,,0.0
,,,,,0.0
,,,,,0.0
,,,,,0.0
,,,,,0.0
,,,,,0.0
,,,,,0.018890999999999998
,,,,,0.091573
,,,,,0.11922999999999999
,,,,,0.09616799999999999
,,,,,0.15439
,,,,,0.21594000000000002
,,,,,0.19003
,,,,,0.17784
,,,,,0.23334000000000002
,,,,,0.21365
,,,,,0.14069
,,,,,0.15447
,,,,,0.15420999999999999
,,,,,0.079447
,,,,,0.042092000000000004
,,,,,0.06676599999999999
,,,,,0.045067
,,,,,0.020806
,,,,,0.023906
,,,,,0.022924
,,,,,0.024691
,,,,,0.023923
,,,,,0.024577
,,,,,0.025368
,,,,,0.023944999999999998
,,,,,0.025221
,,,,,0.030494
,,,,,0.030472000000000003
,,,,,0.026170999999999996
,,,,,0.0303
,,,,,0.034981
,,,,,0.030309
,,,,,0.029566000000000002
,,,,,0.036134
,,,,,0.035332
,,,,,0.031779
,,,,,0.0328
,,,,,0.032792
,,,,,0.02925
,,,,,0.031566000000000004
,,,,,0.030198000000000003
,,,,,0.019603
,,,,,0.037344999999999996
,,,,,0.051081
,,,,,0.036167000000000005
,,,,,0.012811000000000001
,,,,,0.060272000000000006
,,,,,0.084021
,,,,,0.061239999999999996
,,,,,0.045607
,,,,,0.090547
,,,,,0.10289000000000001
,,,,,0.069648
,,,,,0.055174
,,,,,0.083868
,,,,,0.078738
,,,,,0.039812
,,,,,0.040608
,,,,,0.059235
,,,,,0.04046
,,,,,0.0079343
,,,,,0.066675
,,,,,0.10163
,,,,,0.081305
,,,,,0.095769
,,,,,0.19174000000000002
,,,,,0.22916
,,,,,0.21193
,,,,,0.25501
,,,,,0.30898000000000003
,,,,,0.27503
,,,,,0.22436999999999999
,,,,,0.24711
,,,,,0.23126
,,,,,0.12964
,,,,,0.084356
,,,,,0.10777
,,,,,0.09038500000000001
,,,,,0.056797
,,,,,0.019788
,,,,,0.044837
,,,,,0.07284700000000001
,,,,,0.054099
,,,,,0.044619
,,,,,0.05492999999999999
,,,,,0.039813
,,,,,0.036707
,,,,,0.06111799999999999
,,,,,0.057274
,,,,,0.03336
,,,,,0.042839
,,,,,0.052724
,,,,,0.039701
,,,,,0.035739
,,,,,0.052396000000000005
,,,,,0.069701
,,,,,0.066759
,,,,,0.012537999999999999
,,,,,0.072264
,,,,,0.13935
,,,,,0.12180999999999999
,,,,,0.10851
,,,,,0.20728000000000002
,,,,,0.22513000000000002
,,,,,0.16848
,,,,,0.21566
,,,,,0.26446
,,,,,0.20022
,,,,,0.17040999999999998
,,,,,0.226
,,,,,0.18561
,,,,,0.099082
,,,,,0.15644
,,,,,0.17369
,,,,,0.098708
,,,,,0.081344
,,,,,0.14649
,,,,,0.14299
,,,,,0.08346100000000001
,,,,,0.08681599999999999
,,,,,0.12934
,,,,,0.10995999999999999
,,,,,0.04972
,,,,,0.025396000000000002
,,,,,0.095416
,,,,,0.15700999999999998
,,,,,0.14679
,,,,,0.13202
,,,,,0.20795999999999998
,,,,,0.22415
,,,,,0.15884
,,,,,0.14898
,,,,,0.17459000000000002
,,,,,0.12301
,,,,,0.045474
,,,,,0.07227
,,,,,0.06550399999999999
,,,,,0.022002
,,,,,0.027244
,,,,,0.028857
,,,,,0.024516999999999997
,,,,,0.014946000000000001
,,,,,0.024207
,,,,,0.034992
,,,,,0.019103
,,,,,0.010135
,,,,,0.030541000000000002
,,,,,0.030016
,,,,,0.010442
,,,,,0.022482
,,,,,0.027696
,,,,,0.014694
,,,,,0.016555
,,,,,0.025111
,,,,,0.020893000000000002
,,,,,0.026266
,,,,,0.042220999999999995
,,,,,0.035374
,,,,,0.024383000000000002
,,,,,0.10489000000000001
,,,,,0.16527999999999998
,,,,,0.17122
,,,,,0.24139000000000002
,,,,,0.36375
,,,,,0.41972
,,,,,0.42303999999999997
,,,,,0.50713
,,,,,0.55978
,,,,,0.50495
,,,,,0.46723000000000003
,,,,,0.48641999999999996
,,,,,0.41422
,,,,,0.27659
,,,,,0.24272
,,,,,0.21585
,,,,,0.12295999999999999
,,,,,0.04035
,,,,,0.052780999999999995
,,,,,0.059036
,,,,,0.06779400000000001
,,,,,0.024038999999999998
,,,,,0.059454999999999994
,,,,,0.12
,,,,,0.10701
,,,,,0.10076
,,,,,0.18635
,,,,,0.20773000000000003
,,,,,0.16018
,,,,,0.19063
,,,,,0.23028
,,,,,0.17600000000000002
,,,,,0.12099000000000001
,,,,,0.16133
,,,,,0.13739
,,,,,0.042589999999999996
,,,,,0.059115
,,,,,0.07007200000000001
,,,,,0.037295
,,,,,0.02351
,,,,,0.037126
,,,,,0.071814
,,,,,0.062565
,,,,,0.048276
,,,,,0.13562000000000002
,,,,,0.17215999999999998
,,,,,0.13596
,,,,,0.17798
,,,,,0.24323000000000003
,,,,,0.20658
,,,,,0.15941
,,,,,0.20939000000000002
,,,,,0.19504000000000002
,,,,,0.10019
,,,,,0.09431
,,,,,0.11172
,,,,,0.055732000000000004
,,,,,0.027999999999999997
,,,,,0.056027999999999994
,,,,,0.040615
,,,,,0.040152999999999994
,,,,,0.07395399999999999
,,,,,0.094081
,,,,,0.071296
,,,,,0.06466799999999999
,,,,,0.16434
,,,,,0.2092
,,,,,0.1809
,,,,,0.22519
,,,,,0.30882
,,,,,0.29499000000000003
,,,,,0.253
,,,,,0.2987
,,,,,0.29916
,,,,,0.21494000000000002
,,,,,0.18547
,,,,,0.19491
,,,,,0.12725
,,,,,0.045247
,,,,,0.07624500000000001
,,,,,0.059961
,,,,,0.0096515
,,,,,0.05045
,,,,,0.052641999999999994
,,,,,0.026969
,,,,,0.035819
,,,,,0.083566
,,,,,0.087439
,,,,,0.055163
,,,,,0.081718
,,,,,0.10701
,,,,,0.076737
,,,,,0.044967
,,,,,0.08038200000000001
,,,,,0.10875
,,,,,0.085147
,,,,,0.13349
,,,,,0.22476
,,,,,0.25463
,,,,,0.28465
,,,,,0.37654
,,,,,0.4222
,,,,,0.39847
,,,,,0.41288
,,,,,0.43388000000000004
,,,,,0.36984
,,,,,0.29569
,,,,,0.27881
,,,,,0.22173
,,,,,0.12147000000000001
,,,,,0.087434
,,,,,0.078875
,,,,,0.034113
,,,,,0.0
,,,,,0.0
,,,,,0.0
,,,,,0.0
,,,,,0.0
,,,,,0.0
,,,,,0.0
,,,,,0.0
,,,,,0.0
,,,,,0.0
,,,,,0.0
,,,,,0.0
,,,,,0.0
,,,,,0.0
,,,,,0.0
,,,,,0.0
,,,,,0.0
,,,,,0.0
,,,,,0.0
,,,,,0.0
,,,,,0.0
,,,,,0.0
,,,,,0.0
,,,,,0.0
,,,,,0.0
,,,,,0.0
,,,,,0.0
,,,,,0.0
,,,,,0.0
,,,,,0.0
,,,,,0.0
,,,,,0.0
,,,,,0.0
,,,,,0.0
,,,,,0.0
,,,,,0.0
,,,,,0.0
,,,,,0.0
,,,,,0.0
,,,,,0.0
,,,,,0.0
,,,,,0.0
,,,,,0.0
,,,,,0.0
,,,,,0.0
,,,,,0.0
,,,,,0.0
,,,,,0.0
,,,,,0.0
,,,,,0.0
,,,,,0.0
,,,,,0.0
,,,,,0.0
,,,,,0.0
,,,,,0.0
,,,,,0.0
,,,,,0.0
,,,,,0.0
,,,,,0.0
,,,,,0.0
,,,,,0.0
,,,,,0.0
,,,,,0.0
,,,,,0.0
,,,,,0.0
,,,,,0.0
,,,,,0.0
,,,,,0.0
,,,,,0.0
,,,,,0.0
,,,,,0.0
,,,,,0.0
,,,,,0.0
,,,,,0.0
,,,,,0.0
,,,,,0.0
,,,,,0.0
,,,,,0.0
,,,,,0.0
,,,,,0.0
,,,,,0.0
,,,,,0.0
,,,,,0.0
,,,,,0.0
,,,,,0.0
,,,,,0.0
,,,,,0.0
,,,,,0.0
,,,,,0.0
,,,,,0.0
,,,,,0.0
,,,,,0.0
,,,,,0.0
,,,,,0.0
,,,,,0.0
,,,,,0.0
,,,,,0.0
,,,,,0.0
,,,,,0.0
,,,,,0.0
,,,,,0.0
,,,,,0.0
,,,,,0.0
,,,,,0.0
,,,,,0.0
,,,,,0.0
,,,,,0.0
,,,,,0.0
,,,,,0.0
,,,,,0.0
,,,,,0.0
,,,,,0.0
,,,,,0.0
,,,,,0.0
,,,,,0.0
,,,,,0.0
,,,,,0.0
,,,,,0.0
,,,,,0.0
,,,,,0.0
,,,,,0.0
,,,,,0.0
,,,,,0.0
,,,,,0.0
,,,,,0.0
,,,,,0.0
,,,,,0.0
,,,,,0.0
,,,,,0.0
,,,,,0.0
,,,,,0.0
,,,,,0.0
,,,,,0.0
,,,,,0.0
,,,,,0.0
,,,,,0.0
,,,,,0.0
,,,,,0.0
,,,,,0.0
,,,,,0.0
,,,,,0.0
,,,,,0.0
,,,,,0.0
,,,,,0.0
,,,,,0.0
,,,,,0.0
,,,,,0.0
,,,,,0.0
,,,,,0.0
,,,,,0.0
,,,,,0.0
,,,,,0.0
,,,,,0.0
,,,,,0.0
,,,,,0.0
,,,,,0.0
,,,,,0.0
,,,,,0.0
,,,,,0.0
,,,,,0.0
,,,,,0.0
,,,,,0.0
,,,,,0.0
,,,,,0.0
,,,,,0.0
,,,,,0.0
,,,,,0.0
,,,,,0.0
,,,,,0.0
,,,,,0.0
,,,,,0.0
,,,,,0.0
,,,,,0.0
,,,,,0.0
,,,,,0.0
,,,,,0.0
,,,,,0.0
,,,,,0.0
,,,,,0.0
,,,,,0.0
,,,,,0.0
,,,,,0.0
,,,,,0.0
,,,,,0.0
,,,,,0.0
,,,,,0.0
,,,,,0.0
,,,,,0.0
,,,,,0.0
,,,,,0.0
,,,,,0.0
,,,,,0.0
,,,,,0.0
,,,,,0.0
,,,,,0.0
,,,,,0.0
,,,,,0.0
,,,,,0.0
,,,,,0.0
,,,,,0.0
,,,,,0.0
,,,,,0.0
,,,,,0.0
,,,,,0.0
,,,,,0.0
,,,,,0.0
,,,,,0.0
,,,,,0.0
,,,,,0.0
,,,,,0.0
,,,,,0.0
,,,,,0.0
,,,,,0.0
,,,,,0.0
,,,,,0.0
,,,,,0.0
,,,,,0.0
,,,,,0.0
,,,,,0.0
,,,,,0.0
,,,,,0.0
,,,,,0.0
,,,,,0.0
,,,,,0.0
,,,,,0.0
,,,,,0.0
,,,,,0.0
,,,,,0.0
,,,,,0.0
,,,,,0.0
,,,,,0.0
,,,,,0.0
,,,,,0.0
,,,,,0.0
,,,,,0.0
,,,,,0.0
,,,,,0.0
,,,,,0.0
,,,,,0.0
,,,,,0.0
,,,,,0.0
,,,,,0.0
,,,,,0.0
,,,,,0.0
,,,,,0.0
,,,,,0.0
,,,,,0.0
,,,,,0.0
,,,,,0.0
,,,,,0.0
,,,,,0.0
,,,,,0.0
,,,,,0.0
,,,,,0.0
,,,,,0.0
,,,,,0.0
,,,,,0.0
,,,,,0.0
,,,,,0.0
,,,,,0.0
,,,,,0.0
,,,,,0.0
,,,,,0.0
,,,,,0.0
,,,,,0.0
,,,,,0.0
,,,,,0.0
,,,,,0.0
,,,,,0.0
,,,,,0.0
,,,,,0.0
,,,,,0.0
,,,,,0.0
,,,,,0.0
,,,,,0.0
,,,,,0.0
,,,,,0.0
,,,,,0.0
,,,,,0.0
,,,,,0.0
,,,,,0.0
,,,,,0.0
,,,,,0.0
,,,,,0.0
,,,,,0.0
,,,,,0.0
,,,,,0.0
,,,,,0.0
,,,,,0.0
,,,,,0.0
,,,,,0.0
,,,,,0.0
,,,,,0.0
,,,,,0.0
,,,,,0.0
,,,,,0.0
,,,,,0.0
,,,,,0.15930999999999998
,,,,,0.20931
,,,,,0.26083
,,,,,0.31669
,,,,,0.38363
,,,,,0.46381999999999995
,,,,,0.54835
,,,,,0.61883
,,,,,0.65762
,,,,,0.65088
,,,,,0.5954699999999999
,,,,,0.49805
,,,,,0.3746
,,,,,0.24519000000000002
,,,,,0.12900999999999999
,,,,,0.041207
,,,,,0.025252
,,,,,0.053239999999999996
,,,,,0.052683
,,,,,0.042464999999999996
,,,,,0.040099
,,,,,0.043829
,,,,,0.048011
,,,,,0.048512
,,,,,0.044794
,,,,,0.041931
,,,,,0.048246
,,,,,0.063997
,,,,,0.08429199999999999
,,,,,0.10620999999999998
,,,,,0.1279
,,,,,0.14572000000000002
,,,,,0.15407
,,,,,0.149
,,,,,0.13015
,,,,,0.098678
,,,,,0.062565
,,,,,0.040573000000000005
,,,,,0.055586
,,,,,0.076927
,,,,,0.082688
,,,,,0.069816
,,,,,0.066251
,,,,,0.11207
,,,,,0.19621
,,,,,0.30656
,,,,,0.42475
,,,,,0.52909
,,,,,0.60556
,,,,,0.64412
,,,,,0.63985
,,,,,0.59807
,,,,,0.53165
,,,,,0.45201
,,,,,0.36445
,,,,,0.26913000000000004
,,,,,0.16292
,,,,,0.082898
,,,,,0.17409000000000002
,,,,,0.33028
,,,,,0.47975
,,,,,0.57011
,,,,,0.5865100000000001
,,,,,0.51648
,,,,,0.36775
,,,,,0.25096999999999997
,,,,,0.40452
,,,,,0.68442
,,,,,0.9527399999999999
,,,,,1.1573
,,,,,1.2768
,,,,,1.3087
,,,,,1.2701
,,,,,1.1901
,,,,,1.0894
,,,,,0.9663799999999999
,,,,,0.8236700000000001
,,,,,0.67418
,,,,,0.5070600000000001
,,,,,0.34517
,,,,,0.22601999999999997
,,,,,0.1485
,,,,,0.12635
,,,,,0.13573
,,,,,0.14819000000000002
,,,,,0.1505
,,,,,0.13582
,,,,,0.10178
,,,,,0.049372000000000006
,,,,,0.03551
,,,,,0.099301
,,,,,0.15295
,,,,,0.17645
,,,,,0.1593
,,,,,0.11302000000000001
,,,,,0.11990999999999999
,,,,,0.25754
,,,,,0.45433
,,,,,0.65374
,,,,,0.8403200000000001
,,,,,0.9933
,,,,,1.0893
,,,,,1.1344
,,,,,1.1413
,,,,,1.1293
,,,,,1.1024
,,,,,1.0553
,,,,,0.9786299999999999
,,,,,0.8584
,,,,,0.6917
,,,,,0.49021000000000003
,,,,,0.27952
,,,,,0.095549
,,,,,0.070118
,,,,,0.15603
,,,,,0.1908
,,,,,0.18470999999999999
,,,,,0.15399000000000002
,,,,,0.11283
,,,,,0.070899
,,,,,0.068409
,,,,,0.086212
,,,,,0.098704
,,,,,0.10734
,,,,,0.14003
,,,,,0.21635
,,,,,0.31814000000000003
,,,,,0.42039
,,,,,0.49833
,,,,,0.53157
,,,,,0.51242
,,,,,0.44359
,,,,,0.34292
,,,,,0.22341999999999998
,,,,,0.1095
,,,,,0.024682
,,,,,0.046852
,,,,,0.072465
,,,,,0.07066599999999999
,,,,,0.042437
,,,,,0.034677
,,,,,0.048052
,,,,,0.081703
,,,,,0.13204000000000002
,,,,,0.18297
,,,,,0.23718000000000003
,,,,,0.28951
,,,,,0.32627
,,,,,0.33963000000000004
,,,,,0.33048
,,,,,0.30185
,,,,,0.26309
,,,,,0.22626999999999997
,,,,,0.20774
,,,,,0.21686
,,,,,0.2539
,,,,,0.32565
,,,,,0.43213
,,,,,0.56002
,,,,,0.66106
,,,,,0.74674
,,,,,0.78961
,,,,,0.78867
,,,,,0.7711600000000001
,,,,,0.7501399999999999
,,,,,0.76015
,,,,,0.78699
,,,,,0.79194
,,,,,0.75126
,,,,,0.66025
,,,,,0.53085
,,,,,0.3934
,,,,,0.28074
,,,,,0.2058
,,,,,0.15467
,,,,,0.11571
,,,,,0.08128400000000001
,,,,,0.070759
,,,,,0.091429
,,,,,0.1439
,,,,,0.17970999999999998
,,,,,0.2133
,,,,,0.24700999999999998
,,,,,0.28418000000000004
,,,,,0.33244
,,,,,0.39642
,,,,,0.47435
,,,,,0.55214
,,,,,0.61005
,,,,,0.6319899999999999
,,,,,0.60874
,,,,,0.5435300000000001
,,,,,0.44806999999999997
,,,,,0.33660999999999996
,,,,,0.2237
,,,,,0.12832000000000002
,,,,,0.074044
,,,,,0.060617
,,,,,0.059748
,,,,,0.087422
,,,,,0.15253
,,,,,0.24731
,,,,,0.37063
,,,,,0.51253
,,,,,0.6543399999999999
,,,,,0.7743899999999999
,,,,,0.8534200000000001
,,,,,0.87845
,,,,,0.8472799999999999
,,,,,0.76668
,,,,,0.6530699999999999
,,,,,0.52804
,,,,,0.41362
,,,,,0.32466999999999996
,,,,,0.26243
,,,,,0.21438000000000001
,,,,,0.16862
,,,,,0.12369000000000001
,,,,,0.097947
,,,,,0.10552
,,,,,0.13969
,,,,,0.1882
,,,,,0.24706
,,,,,0.30336
,,,,,0.35120999999999997
,,,,,0.39109
,,,,,0.43038999999999994
,,,,,0.48246000000000006
,,,,,0.5534100000000001
,,,,,0.6339899999999999
,,,,,0.70427
,,,,,0.74152
,,,,,0.7298
,,,,,0.6659
,,,,,0.55694
,,,,,0.42158999999999996
,,,,,0.28984
,,,,,0.20040999999999998
,,,,,0.17264000000000002
,,,,,0.17970999999999998
,,,,,0.17595999999999998
,,,,,0.14587999999999998
,,,,,0.089876
,,,,,0.035529000000000005
,,,,,0.0089798
,,,,,0.034786000000000004
,,,,,0.044744
,,,,,0.040789
,,,,,0.034447000000000005
,,,,,0.037223
,,,,,0.04532
,,,,,0.051323
,,,,,0.07208300000000001
,,,,,0.12817
,,,,,0.2053
,,,,,0.30268
,,,,,0.41912
,,,,,0.5547300000000001
,,,,,0.70702
,,,,,0.86279
,,,,,1.0016
,,,,,1.1004
,,,,,1.1418
,,,,,1.1168
,,,,,1.0273
,,,,,0.8855200000000001
,,,,,0.71127
,,,,,0.52765
,,,,,0.35757
,,,,,0.21556
,,,,,0.10968
,,,,,0.035562
,,,,,0.0
,,,,,0.0
,,,,,0.0
,,,,,0.0
,,,,,0.0
,,,,,0.0
,,,,,0.0
,,,,,0.0
,,,,,0.0
,,,,,0.0
,,,,,0.0
,,,,,0.0
,,,,,0.0
,,,,,0.0
,,,,,0.0
,,,,,0.0
,,,,,0.0
,,,,,0.0
,,,,,0.0
,,,,,0.0
,,,,,0.0
,,,,,0.0
,,,,,0.0
,,,,,0.0
,,,,,0.0
,,,,,0.0
,,,,,0.0
,,,,,0.0
,,,,,0.0
,,,,,0.0
,,,,,0.0
,,,,,0.0
,,,,,0.0
,,,,,0.0
,,,,,0.0
,,,,,0.0
,,,,,0.0
,,,,,0.0
,,,,,0.0
,,,,,0.0
,,,,,0.0
,,,,,0.0
,,,,,0.0
,,,,,0.0
,,,,,0.0
,,,,,0.0
,,,,,0.0
,,,,,0.0
,,,,,0.0
,,,,,0.0
,,,,,0.0
,,,,,0.0
,,,,,0.0
,,,,,0.0
,,,,,0.0
,,,,,0.0
,,,,,0.0
,,,,,0.0
,,,,,0.0
,,,,,0.0
,,,,,0.0
,,,,,0.0
,,,,,0.0
,,,,,0.0
,,,,,0.0
,,,,,0.0
,,,,,0.0
,,,,,0.0
,,,,,0.0
,,,,,0.0
,,,,,0.0
,,,,,0.0
,,,,,0.0
,,,,,0.0
,,,,,0.0
,,,,,0.0
,,,,,0.0
,,,,,0.0
,,,,,0.0
,,,,,0.0
,,,,,0.0
,,,,,0.0
,,,,,0.0
,,,,,0.0
,,,,,0.0
,,,,,0.0
,,,,,0.0
,,,,,0.0
,,,,,0.0
,,,,,0.0
,,,,,0.0
,,,,,0.0
,,,,,0.0
,,,,,0.0
,,,,,0.0
,,,,,0.0
,,,,,0.0
,,,,,0.0
,,,,,0.0
,,,,,0.0
,,,,,0.0
,,,,,0.0
,,,,,0.0
,,,,,0.0
,,,,,0.0
,,,,,0.0
,,,,,0.0
,,,,,0.0
,,,,,0.0
,,,,,0.0
,,,,,0.0
,,,,,0.0
,,,,,0.0
,,,,,0.0
,,,,,0.0
,,,,,0.0
,,,,,0.0
,,,,,0.0
,,,,,0.0
,,,,,0.0
,,,,,0.0
,,,,,0.0
,,,,,0.0
,,,,,0.0
,,,,,0.0
,,,,,0.0
,,,,,0.0
,,,,,0.0
,,,,,0.0
,,,,,0.0
,,,,,0.0
,,,,,0.0
,,,,,0.0
,,,,,0.0
,,,,,0.0
,,,,,0.0
,,,,,0.0
,,,,,0.0
,,,,,0.0
,,,,,0.0
,,,,,0.0
,,,,,0.0
,,,,,0.0
,,,,,0.0
,,,,,0.0
,,,,,0.0
,,,,,0.0
,,,,,0.0
,,,,,0.0
,,,,,0.0
,,,,,0.0
,,,,,0.0
,,,,,0.0
,,,,,0.0
,,,,,0.0
,,,,,0.0
,,,,,0.0
,,,,,0.0
,,,,,0.0
,,,,,0.0
,,,,,0.0
,,,,,0.0
,,,,,0.0
,,,,,0.0
,,,,,0.0
,,,,,0.0
,,,,,0.0
,,,,,0.0
,,,,,0.0
,,,,,0.0
,,,,,0.0
,,,,,0.0
,,,,,0.0
,,,,,0.0
,,,,,0.0
,,,,,0.0
,,,,,0.0
,,,,,0.0
,,,,,0.0
,,,,,0.0
,,,,,0.0
,,,,,0.0
,,,,,0.0
,,,,,0.0
,,,,,0.0
,,,,,0.0
,,,,,0.0
,,,,,0.0
,,,,,0.0
,,,,,0.0
,,,,,0.0
,,,,,0.0
,,,,,0.0
,,,,,0.0
,,,,,0.0
,,,,,0.0
,,,,,0.0
,,,,,0.0
,,,,,0.0
,,,,,0.0
,,,,,0.0
,,,,,0.0
,,,,,0.0
,,,,,0.0
,,,,,0.0
,,,,,0.0
,,,,,0.0
,,,,,0.0
,,,,,0.0
,,,,,0.0
,,,,,0.0
,,,,,0.0
,,,,,0.0
,,,,,0.0
,,,,,0.0
,,,,,0.0
,,,,,0.0
,,,,,0.0
,,,,,0.0
,,,,,0.0
,,,,,0.0
,,,,,0.0
,,,,,0.0
,,,,,0.0
,,,,,0.0
,,,,,0.0
,,,,,0.0
,,,,,0.0
,,,,,0.0
,,,,,0.0
,,,,,0.0
,,,,,0.0
,,,,,0.0
,,,,,0.0
,,,,,0.0
,,,,,0.0
,,,,,0.0
,,,,,0.0
,,,,,0.0
,,,,,0.0
,,,,,0.0
,,,,,0.0
,,,,,0.0
,,,,,0.0
,,,,,0.0
,,,,,0.0
,,,,,0.0
,,,,,0.0
,,,,,0.0
,,,,,0.0
,,,,,0.0
,,,,,0.0
,,,,,0.0
,,,,,0.0
,,,,,0.0
,,,,,0.0
,,,,,0.0
,,,,,0.0
,,,,,0.0
,,,,,0.0
,,,,,0.0
,,,,,0.0
,,,,,0.0
,,,,,0.0
,,,,,0.0
,,,,,0.0
,,,,,0.0
,,,,,0.0
,,,,,0.0
,,,,,0.0
,,,,,0.0
,,,,,0.0
,,,,,0.0
,,,,,0.0
,,,,,0.0
,,,,,0.0
,,,,,0.0
,,,,,0.0
,,,,,0.0
,,,,,0.0
,,,,,0.0
,,,,,0.0
,,,,,0.0
,,,,,0.0
,,,,,0.0
,,,,,0.0
,,,,,0.0
,,,,,0.0
,,,,,0.0
,,,,,0.0
,,,,,0.0
,,,,,0.0
,,,,,0.0
,,,,,0.0
,,,,,0.0
,,,,,0.0
,,,,,0.0
,,,,,1.8165
,,,,,1.882
,,,,,1.983
,,,,,2.0887
,,,,,2.1579
,,,,,2.1515
,,,,,2.0462
,,,,,1.8377
,,,,,1.5453
,,,,,1.2104
,,,,,0.9047799999999999
,,,,,0.73701
,,,,,0.77315
,,,,,0.9191299999999999
,,,,,1.0639
,,,,,1.1653
,,,,,1.228
,,,,,1.2706
,,,,,1.3111
,,,,,1.3606
,,,,,1.4147
,,,,,1.4665
,,,,,1.5065
,,,,,1.528
,,,,,1.527
,,,,,1.5022
,,,,,1.4552
,,,,,1.3888
,,,,,1.3038
,,,,,1.1994
,,,,,1.0745
,,,,,0.93024
,,,,,0.77803
,,,,,0.64446
,,,,,0.57457
,,,,,0.5988399999999999
,,,,,0.69411
,,,,,0.8113100000000001
,,,,,0.9232899999999999
,,,,,1.025
,,,,,1.124
,,,,,1.2277
,,,,,1.3337
,,,,,1.4345
,,,,,1.5242
,,,,,1.6016
,,,,,1.6731
,,,,,1.7497
,,,,,1.8323
,,,,,1.9017
,,,,,1.9244
,,,,,1.8669
,,,,,1.7111
,,,,,1.4571
,,,,,1.133
,,,,,0.80924
,,,,,0.64127
,,,,,0.76051
,,,,,1.0242
,,,,,1.2779
,,,,,1.4631
,,,,,1.5506
,,,,,1.5563
,,,,,1.486
,,,,,1.3411
,,,,,1.1334
,,,,,0.9264700000000001
,,,,,0.8534700000000001
,,,,,1.0116
,,,,,1.3135
,,,,,1.6305
,,,,,1.8878
,,,,,2.0498
,,,,,2.1093
,,,,,2.0776
,,,,,1.9741
,,,,,1.818
,,,,,1.6439
,,,,,1.4859
,,,,,1.3806
,,,,,1.3706
,,,,,1.4708
,,,,,1.6327
,,,,,1.791
,,,,,1.8955
,,,,,1.9185
,,,,,1.867
,,,,,1.7788
,,,,,1.699
,,,,,1.6598
,,,,,1.6635
,,,,,1.6886
,,,,,1.7107
,,,,,1.7180000000000002
,,,,,1.7154
,,,,,1.7114
,,,,,1.6915
,,,,,1.6404
,,,,,1.5562
,,,,,1.454
,,,,,1.3724
,,,,,1.3741
,,,,,1.4663
,,,,,1.6041
,,,,,1.7286
,,,,,1.7939
,,,,,1.7804
,,,,,1.6996
,,,,,1.5881
,,,,,1.4971
,,,,,1.4718
,,,,,1.5201
,,,,,1.604
,,,,,1.6704
,,,,,1.6798
,,,,,1.6199
,,,,,1.4911
,,,,,1.3138
,,,,,1.1378
,,,,,1.0429
,,,,,1.113
,,,,,1.3365
,,,,,1.6296
,,,,,1.9065
,,,,,2.1012
,,,,,2.1724
,,,,,2.1
,,,,,1.8833
,,,,,1.5412
,,,,,1.107
,,,,,0.62531
,,,,,0.16055999999999998
,,,,,0.31478
,,,,,0.67614
,,,,,0.95447
,,,,,1.1427
,,,,,1.2522
,,,,,1.3036
,,,,,1.3115
,,,,,1.2882
,,,,,1.2353
,,,,,1.1655
,,,,,1.1163
,,,,,1.1137
,,,,,1.1622
,,,,,1.2577
,,,,,1.3761
,,,,,1.4908
,,,,,1.5905
,,,,,1.6694
,,,,,1.7244
,,,,,1.7458
,,,,,1.7191
,,,,,1.6349
,,,,,1.4938
,,,,,1.3119
,,,,,1.1223
,,,,,0.96805
,,,,,0.9002100000000001
,,,,,0.93081
,,,,,0.9934700000000001
,,,,,1.011
,,,,,0.96016
,,,,,0.85495
,,,,,0.7662
,,,,,0.8219299999999999
,,,,,1.0508
,,,,,1.3511
,,,,,1.6337
,,,,,1.8449
,,,,,1.9581
,,,,,1.9649
,,,,,1.8726
,,,,,1.7052
,,,,,1.5054
,,,,,1.3347
,,,,,1.2778
,,,,,1.3933
,,,,,1.6587
,,,,,2.0019
,,,,,2.3507
,,,,,2.636
,,,,,2.8091
,,,,,2.8338
,,,,,2.6973
,,,,,2.4051
,,,,,1.9838
,,,,,1.4746
,,,,,0.93871
,,,,,0.48886999999999997
,,,,,0.45688
,,,,,0.76566
,,,,,1.0528
,,,,,1.2468
,,,,,1.3432
,,,,,1.3602
,,,,,1.3267
,,,,,1.2756
,,,,,1.2353
,,,,,1.2059
,,,,,1.1737
,,,,,1.1104
,,,,,1.0014
,,,,,0.8651
,,,,,0.78191
,,,,,0.86995
,,,,,1.1326
,,,,,1.4661
,,,,,1.7798
,,,,,2.0176
,,,,,2.1493
,,,,,2.1679
,,,,,2.0893
,,,,,1.9496
,,,,,1.7957
,,,,,1.672
,,,,,1.5978
,,,,,1.564
,,,,,1.547
,,,,,1.5311
,,,,,1.5103
,,,,,1.4939
,,,,,1.4989
,,,,,1.5465
,,,,,1.6527
,,,,,1.8128
,,,,,1.9961
,,,,,2.1565
,,,,,2.2509
,,,,,2.2481
,,,,,2.1326
,,,,,1.9086
,,,,,1.6004
,,,,,1.2498
,,,,,0.91905
,,,,,0.7035399999999999
,,,,,0.68794
,,,,,0.81025
,,,,,0.9545399999999999
,,,,,1.0701
,,,,,1.1440000000000001
,,,,,1.1771
,,,,,1.1689
,,,,,1.1227
,,,,,1.0433
,,,,,0.94179
,,,,,0.84111
,,,,,0.77136
,,,,,0.76031
,,,,,0.81057
,,,,,0.9018200000000001
,,,,,1.0063
,,,,,1.1104
,,,,,1.2276
,,,,,1.3687
,,,,,1.5536
,,,,,1.7790000000000001
,,,,,2.0154
,,,,,2.2235
,,,,,2.3626
,,,,,2.404
,,,,,2.3375
,,,,,2.1672
,,,,,1.9104
,,,,,1.5958
,,,,,1.2578
,,,,,0.92945
,,,,,0.63744
,,,,,0.40135
,,,,,0.22866
,,,,,0.11222
,,,,,0.035664999999999995
,,,,,0.0
,,,,,0.0
,,,,,0.0
,,,,,0.0
,,,,,0.0
,,,,,0.0
,,,,,0.0
,,,,,0.0
,,,,,0.0
,,,,,0.0
,,,,,0.0
,,,,,0.0
,,,,,0.0
,,,,,0.0
,,,,,0.0
,,,,,0.0
,,,,,0.0
,,,,,0.0
,,,,,0.0
,,,,,0.0
,,,,,0.0
,,,,,0.0
,,,,,0.0
,,,,,0.0
,,,,,0.0
,,,,,0.0
,,,,,0.0
,,,,,0.0
,,,,,0.0
,,,,,0.0
,,,,,0.0
,,,,,0.0
,,,,,0.0
,,,,,0.0
,,,,,0.0
,,,,,0.0
,,,,,0.0
,,,,,0.0
,,,,,0.0
,,,,,0.0
,,,,,0.0
,,,,,0.0
,,,,,0.0
,,,,,0.0
,,,,,0.0
,,,,,0.0
,,,,,0.0
,,,,,0.0
,,,,,0.0
,,,,,0.0
,,,,,0.0
,,,,,0.0
,,,,,0.0
,,,,,0.0
,,,,,0.0
,,,,,0.0
,,,,,0.0
,,,,,0.0
,,,,,0.0
,,,,,0.0
,,,,,0.0
,,,,,0.0
,,,,,0.0
,,,,,0.0
,,,,,0.0
,,,,,0.0
,,,,,0.0
,,,,,0.0
,,,,,0.0
,,,,,0.0
,,,,,0.0
,,,,,0.0
,,,,,0.0
,,,,,0.0
,,,,,0.0
,,,,,0.0
,,,,,0.0
,,,,,0.0
,,,,,0.0
,,,,,0.0
,,,,,0.0
,,,,,0.0
,,,,,0.0
,,,,,0.0
,,,,,0.0
,,,,,0.0
,,,,,0.0
,,,,,0.0
,,,,,0.0
,,,,,0.0
,,,,,0.0
,,,,,0.0
,,,,,0.0
,,,,,0.0
,,,,,0.0
,,,,,0.0
,,,,,0.0
,,,,,0.0
,,,,,0.0
,,,,,0.0
,,,,,0.0
,,,,,0.0
,,,,,0.0
,,,,,0.0
,,,,,0.0
,,,,,0.0
,,,,,0.0
,,,,,0.0
,,,,,0.0
,,,,,0.0
,,,,,0.0
,,,,,0.0
,,,,,0.0
,,,,,0.0
,,,,,0.0
,,,,,0.0
,,,,,0.0
,,,,,0.0
,,,,,0.0
,,,,,0.0
,,,,,0.0
,,,,,0.0
,,,,,0.0
,,,,,0.0
,,,,,0.0
,,,,,0.0
,,,,,0.0
,,,,,0.0
,,,,,0.0
,,,,,0.0
,,,,,0.0
,,,,,0.0
,,,,,0.0
,,,,,0.0
,,,,,0.0
,,,,,0.0
,,,,,0.0
,,,,,0.0
,,,,,0.0
,,,,,0.0
,,,,,0.0
,,,,,0.0
,,,,,0.0
,,,,,0.0
,,,,,0.0
,,,,,0.0
,,,,,0.0
,,,,,0.0
,,,,,0.0
,,,,,0.0
,,,,,0.0
,,,,,0.0
,,,,,0.0
,,,,,0.0
,,,,,0.0
,,,,,0.0
,,,,,0.0
,,,,,0.0
,,,,,0.0
,,,,,0.0
,,,,,0.0
,,,,,0.0
,,,,,0.0
,,,,,0.0
,,,,,0.0
,,,,,0.0
,,,,,0.0
,,,,,0.0
,,,,,0.0
,,,,,0.0
,,,,,0.0
,,,,,0.0
,,,,,0.0
,,,,,0.0
,,,,,0.0
,,,,,0.0
,,,,,0.0
,,,,,0.0
,,,,,0.0
,,,,,0.0
,,,,,0.0
,,,,,0.0
,,,,,0.0
,,,,,0.0
,,,,,0.0
,,,,,0.0
,,,,,0.0
,,,,,0.0
,,,,,0.0
,,,,,0.0
,,,,,0.0
,,,,,0.0
,,,,,0.0
,,,,,0.0
,,,,,0.0
,,,,,0.0
,,,,,0.0
,,,,,0.0
,,,,,0.0
,,,,,0.0
,,,,,0.0
,,,,,0.0
,,,,,0.0
,,,,,0.0
,,,,,0.0
,,,,,0.0
,,,,,0.0
,,,,,0.0
,,,,,0.0
,,,,,0.0
,,,,,0.0
,,,,,0.0
,,,,,0.0
,,,,,0.0
,,,,,0.0
,,,,,0.0
,,,,,0.0
,,,,,0.0
,,,,,0.0
,,,,,0.0
,,,,,0.0
,,,,,0.0
,,,,,0.0
,,,,,0.0
,,,,,0.0
,,,,,0.0
,,,,,0.0
,,,,,0.0
,,,,,0.0
,,,,,0.0
,,,,,0.0
,,,,,0.0
,,,,,0.0
,,,,,0.0
,,,,,0.0
,,,,,0.0
,,,,,0.0
,,,,,0.0
,,,,,0.0
,,,,,0.0
,,,,,0.0
,,,,,0.0
,,,,,0.0
,,,,,0.0
,,,,,0.0
,,,,,0.0
,,,,,0.0
,,,,,0.0
,,,,,0.0
,,,,,0.0
,,,,,0.0
,,,,,0.0
,,,,,0.0
,,,,,0.0
,,,,,0.0
,,,,,0.0
,,,,,0.0
,,,,,0.0
,,,,,0.0
,,,,,0.0
,,,,,0.0
,,,,,0.0
,,,,,0.0
,,,,,0.0
,,,,,0.0
,,,,,0.0
,,,,,0.0
,,,,,0.0
,,,,,0.0
,,,,,0.0
,,,,,0.0
,,,,,0.0
,,,,,0.0
,,,,,0.0
,,,,,0.0
,,,,,0.0
,,,,,0.0
,,,,,0.0
,,,,,0.0
,,,,,0.0
,,,,,0.0
,,,,,0.0
,,,,,0.0
,,,,,0.0
,,,,,0.0
,,,,,0.0
,,,,,0.0
,,,,,0.0
,,,,,0.0
,,,,,0.0
,,,,,0.0
,,,,,0.0
,,,,,0.0
,,,,,0.0
,,,,,0.0
,,,,,0.0
,,,,,0.0
,,,,,0.088405
,,,,,0.096724
,,,,,0.081338
,,,,,0.13802
,,,,,0.20772
,,,,,0.21199
,,,,,0.18475999999999998
,,,,,0.21845
,,,,,0.25923
,,,,,0.22484
,,,,,0.16028
,,,,,0.16022
,,,,,0.1685
,,,,,0.11637
,,,,,0.042248
,,,,,0.047994999999999996
,,,,,0.059136
,,,,,0.038694
,,,,,0.02085
,,,,,0.019512
,,,,,0.028942000000000002
,,,,,0.027332
,,,,,0.016215
,,,,,0.022248
,,,,,0.031076
,,,,,0.028023000000000003
,,,,,0.02361
,,,,,0.028945
,,,,,0.029431
,,,,,0.025498
,,,,,0.033517
,,,,,0.042244
,,,,,0.036163
,,,,,0.019266
,,,,,0.031907
,,,,,0.050495
,,,,,0.047512
,,,,,0.021647
,,,,,0.020307
,,,,,0.043945
,,,,,0.049112
,,,,,0.03561
,,,,,0.015409
,,,,,0.017446
,,,,,0.034008
,,,,,0.050753
,,,,,0.058616999999999995
,,,,,0.044795
,,,,,0.047033
,,,,,0.099162
,,,,,0.13012
,,,,,0.11807000000000001
,,,,,0.10235
,,,,,0.1353
,,,,,0.15311
,,,,,0.13546
,,,,,0.10374000000000001
,,,,,0.094692
,,,,,0.10918
,,,,,0.09665599999999999
,,,,,0.061600999999999996
,,,,,0.016074
,,,,,0.030205000000000003
,,,,,0.0061237999999999996
,,,,,0.080624
,,,,,0.15095
,,,,,0.175
,,,,,0.16519
,,,,,0.21128000000000002
,,,,,0.2725
,,,,,0.2653
,,,,,0.21624000000000002
,,,,,0.22098
,,,,,0.2488
,,,,,0.20423
,,,,,0.10368
,,,,,0.076615
,,,,,0.08291799999999999
,,,,,0.091088
,,,,,0.14719000000000002
,,,,,0.16517
,,,,,0.18672
,,,,,0.32169000000000003
,,,,,0.40273000000000003
,,,,,0.40193
,,,,,0.40444
,,,,,0.47875
,,,,,0.50739
,,,,,0.42578
,,,,,0.35346
,,,,,0.35254
,,,,,0.30704000000000004
,,,,,0.18377000000000002
,,,,,0.098634
,,,,,0.11737
,,,,,0.082322
,,,,,0.024197999999999997
,,,,,0.074807
,,,,,0.062803
,,,,,0.020158000000000002
,,,,,0.053600999999999996
,,,,,0.062248000000000005
,,,,,0.031994
,,,,,0.040175
,,,,,0.074816
,,,,,0.073788
,,,,,0.032021
,,,,,0.031524
,,,,,0.078304
,,,,,0.08408500000000001
,,,,,0.049035
,,,,,0.017572
,,,,,0.05965499999999999
,,,,,0.073351
,,,,,0.057427
,,,,,0.047812
,,,,,0.038954
,,,,,0.0086012
,,,,,0.061603
,,,,,0.09321
,,,,,0.079652
,,,,,0.029334
,,,,,0.045183
,,,,,0.093139
,,,,,0.12666
,,,,,0.12314000000000001
,,,,,0.089848
,,,,,0.13263
,,,,,0.19713
,,,,,0.19602999999999998
,,,,,0.14329
,,,,,0.14048
,,,,,0.17373
,,,,,0.14425
,,,,,0.07122
,,,,,0.048103
,,,,,0.072763
,,,,,0.053403
,,,,,0.019129
,,,,,0.030706
,,,,,0.04505
,,,,,0.038592
,,,,,0.049961
,,,,,0.11539
,,,,,0.17127
,,,,,0.20425
,,,,,0.26377
,,,,,0.36028000000000004
,,,,,0.42821000000000004
,,,,,0.45966
,,,,,0.50542
,,,,,0.55762
,,,,,0.56518
,,,,,0.5273399999999999
,,,,,0.48266000000000003
,,,,,0.46679
,,,,,0.40383
,,,,,0.29746
,,,,,0.23321999999999998
,,,,,0.21703000000000003
,,,,,0.18072
,,,,,0.10405999999999999
,,,,,0.11093
,,,,,0.16981
,,,,,0.17348
,,,,,0.1448
,,,,,0.19532
,,,,,0.25288
,,,,,0.23415
,,,,,0.1759
,,,,,0.19460999999999998
,,,,,0.22304000000000002
,,,,,0.17212
,,,,,0.082915
,,,,,0.090214
,,,,,0.09460199999999999
,,,,,0.05636
,,,,,0.022507
,,,,,0.03398
,,,,,0.015931999999999998
,,,,,0.069248
,,,,,0.11062000000000001
,,,,,0.10347
,,,,,0.084597
,,,,,0.15389
,,,,,0.20764000000000002
,,,,,0.18844
,,,,,0.15533
,,,,,0.19722
,,,,,0.21835
,,,,,0.16088
,,,,,0.10178
,,,,,0.13189
,,,,,0.13283
,,,,,0.07098099999999999
,,,,,0.0081649
,,,,,0.049144
,,,,,0.050449
,,,,,0.029693999999999998
,,,,,0.054062
,,,,,0.061087999999999996
,,,,,0.034861
,,,,,0.082457
,,,,,0.16301
,,,,,0.18522
,,,,,0.16064
,,,,,0.2074
,,,,,0.27685
,,,,,0.26700999999999997
,,,,,0.20496999999999999
,,,,,0.21861999999999998
,,,,,0.24664
,,,,,0.19208
,,,,,0.10192999999999999
,,,,,0.10213
,,,,,0.11477000000000001
,,,,,0.076701
,,,,,0.023534
,,,,,0.036662
,,,,,0.056927
,,,,,0.07599299999999999
,,,,,0.05164199999999999
,,,,,0.040405
,,,,,0.1309
,,,,,0.17482
,,,,,0.15531
,,,,,0.19062
,,,,,0.28525
,,,,,0.31088000000000005
,,,,,0.26771
,,,,,0.27944
,,,,,0.32183
,,,,,0.29341999999999996
,,,,,0.21040999999999999
,,,,,0.18654
,,,,,0.1926
,,,,,0.13931
,,,,,0.051873
,,,,,0.050809
,,,,,0.066609
,,,,,0.04033
,,,,,0.025402
,,,,,0.033389
,,,,,0.029567000000000003
,,,,,0.024906
,,,,,0.029138999999999998
,,,,,0.029594
,,,,,0.021572
,,,,,0.02259
,,,,,0.030652999999999996
,,,,,0.025927
,,,,,0.020945
,,,,,0.013936000000000002
,,,,,0.04765
,,,,,0.1037
,,,,,0.12718
,,,,,0.15375999999999998
,,,,,0.25140999999999997
,,,,,0.34165999999999996
,,,,,0.36333000000000004
,,,,,0.37884
,,,,,0.44011000000000006
,,,,,0.46771
,,,,,0.41572
,,,,,0.36061
,,,,,0.34893
,,,,,0.3083
,,,,,0.21098000000000003
,,,,,0.12721
,,,,,0.10778
,,,,,0.08519299999999999
,,,,,0.034413
,,,,,0.0
,,,,,0.0
,,,,,0.0
,,,,,0.0
,,,,,0.0
,,,,,0.0
,,,,,0.0
,,,,,0.0
,,,,,0.0
,,,,,0.0
,,,,,0.0
,,,,,0.0
,,,,,0.0
,,,,,0.0
,,,,,0.0
,,,,,0.0
,,,,,0.0
,,,,,0.0
,,,,,0.0
,,,,,0.0
,,,,,0.0
,,,,,0.0
,,,,,0.0
,,,,,0.0
,,,,,0.0
,,,,,0.0
,,,,,0.0
,,,,,0.0
,,,,,0.0
,,,,,0.0
,,,,,0.0
,,,,,0.0
,,,,,0.0
,,,,,0.0
,,,,,0.0
,,,,,0.0
,,,,,0.0
,,,,,0.0
,,,,,0.0
,,,,,0.0
,,,,,0.0
,,,,,0.0
,,,,,0.0
,,,,,0.0
,,,,,0.0
,,,,,0.0
,,,,,0.0
,,,,,0.0
,,,,,0.0
,,,,,0.0
,,,,,0.0
,,,,,0.0
,,,,,0.0
,,,,,0.0
,,,,,0.0
,,,,,0.0
,,,,,0.0
,,,,,0.0
,,,,,0.0
,,,,,0.0
,,,,,0.0
,,,,,0.0
,,,,,0.0
,,,,,0.0
,,,,,0.0
,,,,,0.0
,,,,,0.0
,,,,,0.0
,,,,,0.0
,,,,,0.0
,,,,,0.0
,,,,,0.0
,,,,,0.0
,,,,,0.0
,,,,,0.0
,,,,,0.0
,,,,,0.0
,,,,,0.0
,,,,,0.0
,,,,,0.0
,,,,,0.0
,,,,,0.0
,,,,,0.0
,,,,,0.0
,,,,,0.0
,,,,,0.0
,,,,,0.0
,,,,,0.0
,,,,,0.0
,,,,,0.0
,,,,,0.0
,,,,,0.0
,,,,,0.0
,,,,,0.0
,,,,,0.0
,,,,,0.0
,,,,,0.0
,,,,,0.0
,,,,,0.0
,,,,,0.0
,,,,,0.0
,,,,,0.0
,,,,,0.0
,,,,,0.0
,,,,,0.0
,,,,,0.0
,,,,,0.0
,,,,,0.0
,,,,,0.0
,,,,,0.0
,,,,,0.0
,,,,,0.0
,,,,,0.0
,,,,,0.0
,,,,,0.0
,,,,,0.0
,,,,,0.0
,,,,,0.0
,,,,,0.0
,,,,,0.0
,,,,,0.0
,,,,,0.0
,,,,,0.0
,,,,,0.0
,,,,,0.0
,,,,,0.0
,,,,,0.0
,,,,,0.0
,,,,,0.0
,,,,,0.0
,,,,,0.0
,,,,,0.0
,,,,,0.0
,,,,,0.0
,,,,,0.0
,,,,,0.0
,,,,,0.0
,,,,,0.0
,,,,,0.0
,,,,,0.0
,,,,,0.0
,,,,,0.0
,,,,,0.0
,,,,,0.0
,,,,,0.0
,,,,,0.0
,,,,,0.0
,,,,,0.0
,,,,,0.0
,,,,,0.0
,,,,,0.0
,,,,,0.0
,,,,,0.0
,,,,,0.0
,,,,,0.0
,,,,,0.0
,,,,,0.0
,,,,,0.0
,,,,,0.0
,,,,,0.0
,,,,,0.0
,,,,,0.0
,,,,,0.0
,,,,,0.0
,,,,,0.0
,,,,,0.0
,,,,,0.0
,,,,,0.0
,,,,,0.0
,,,,,0.0
,,,,,0.0
,,,,,0.0
,,,,,0.0
,,,,,0.0
,,,,,0.0
,,,,,0.0
,,,,,0.0
,,,,,0.0
,,,,,0.0
,,,,,0.0
,,,,,0.0
,,,,,0.0
,,,,,0.0
,,,,,0.0
,,,,,0.0
,,,,,0.0
,,,,,0.0
,,,,,0.0
,,,,,0.0
,,,,,0.0
,,,,,0.0
,,,,,0.0
,,,,,0.0
,,,,,0.0
,,,,,0.0
,,,,,0.0
,,,,,0.0
,,,,,0.0
,,,,,0.0
,,,,,0.0
,,,,,0.0
,,,,,0.0
,,,,,0.0
,,,,,0.0
,,,,,0.0
,,,,,0.0
,,,,,0.0
,,,,,0.0
,,,,,0.0
,,,,,0.0
,,,,,0.0
,,,,,0.0
,,,,,0.0
,,,,,0.0
,,,,,0.0
,,,,,0.0
,,,,,0.0
,,,,,0.0
,,,,,0.0
,,,,,0.0
,,,,,0.0
,,,,,0.0
,,,,,0.0
,,,,,0.0
,,,,,0.0
,,,,,0.0
,,,,,0.0
,,,,,0.0
,,,,,0.0
,,,,,0.0
,,,,,0.0
,,,,,0.0
,,,,,0.0
,,,,,0.0
,,,,,0.0
,,,,,0.0
,,,,,0.0
,,,,,0.0
,,,,,0.0
,,,,,0.0
,,,,,0.0
,,,,,0.0
,,,,,0.0
,,,,,0.0
,,,,,0.0
,,,,,0.0
,,,,,0.0
,,,,,0.0
,,,,,0.0
,,,,,0.0
,,,,,0.0
,,,,,0.0
,,,,,0.0
,,,,,0.0
,,,,,0.0
,,,,,0.0
,,,,,0.0
,,,,,0.0
,,,,,0.0
,,,,,0.0
,,,,,0.0
,,,,,0.0
,,,,,0.0
,,,,,0.0
,,,,,0.0
,,,,,0.0
,,,,,0.0
,,,,,0.0
,,,,,0.0
,,,,,0.0
,,,,,0.0
,,,,,0.0
,,,,,0.0
,,,,,0.0
,,,,,0.0
,,,,,0.0
,,,,,0.0
,,,,,0.0
,,,,,0.0
,,,,,0.0
,,,,,0.0
,,,,,0.0
,,,,,0.0
,,,,,0.0
,,,,,0.0
,,,,,0.0
,,,,,0.0
,,,,,0.0
,,,,,0.0
,,,,,0.0
,,,,,0.0
,,,,,0.0
,,,,,0.0
,,,,,0.0
,,,,,0.0
,,,,,0.0
,,,,,0.0
,,,,,0.06665
,,,,,0.021804
,,,,,0.095832
,,,,,0.082991
,,,,,0.1094
,,,,,0.14081
,,,,,0.10727
,,,,,0.16965
,,,,,0.099329
,,,,,0.15952
,,,,,0.095322
,,,,,0.1129
,,,,,0.08882000000000001
,,,,,0.051452
,,,,,0.07069299999999999
,,,,,0.015740999999999998
,,,,,0.048925
,,,,,0.032826999999999995
,,,,,0.024899
,,,,,0.034372
,,,,,0.026409
,,,,,0.033030000000000004
,,,,,0.027993999999999998
,,,,,0.028260000000000004
,,,,,0.0319
,,,,,0.022121000000000002
,,,,,0.0328
,,,,,0.020833
,,,,,0.031944
,,,,,0.023912
,,,,,0.026672
,,,,,0.028939
,,,,,0.022359
,,,,,0.030612999999999998
,,,,,0.021437
,,,,,0.029285000000000002
,,,,,0.027747000000000004
,,,,,0.022890999999999998
,,,,,0.034138999999999996
,,,,,0.019253
,,,,,0.033481
,,,,,0.026945
,,,,,0.033125
,,,,,0.034755
,,,,,0.021999
,,,,,0.030025
,,,,,0.022262999999999998
,,,,,0.030986
,,,,,0.028193
,,,,,0.029606
,,,,,0.028373000000000002
,,,,,0.029561
,,,,,0.029574
,,,,,0.029377999999999998
,,,,,0.037064
,,,,,0.029211
,,,,,0.040155
,,,,,0.027718
,,,,,0.03437
,,,,,0.029644
,,,,,0.035338
,,,,,0.047924
,,,,,0.047397
,,,,,0.040136
,,,,,0.08029800000000001
,,,,,0.045487
,,,,,0.12945
,,,,,0.07324299999999999
,,,,,0.15398
,,,,,0.11855999999999998
,,,,,0.1425
,,,,,0.14729
,,,,,0.10642
,,,,,0.13898
,,,,,0.063301
,,,,,0.11048
,,,,,0.044509
,,,,,0.051151
,,,,,0.044218
,,,,,0.014724000000000001
,,,,,0.046064
,,,,,0.051907
,,,,,0.029785000000000002
,,,,,0.06661399999999999
,,,,,0.020981
,,,,,0.06676699999999999
,,,,,0.011839
,,,,,0.077855
,,,,,0.010608
,,,,,0.087947
,,,,,0.03493
,,,,,0.085638
,,,,,0.058773
,,,,,0.066366
,,,,,0.07670199999999999
,,,,,0.024641999999999997
,,,,,0.061759
,,,,,0.016495
,,,,,0.048823000000000005
,,,,,0.041732
,,,,,0.032475
,,,,,0.041257
,,,,,0.030948000000000003
,,,,,0.037762000000000004
,,,,,0.034684
,,,,,0.03855
,,,,,0.035203
,,,,,0.035443
,,,,,0.032523
,,,,,0.030622000000000003
,,,,,0.029829
,,,,,0.028804000000000003
,,,,,0.034539
,,,,,0.026297000000000004
,,,,,0.038538
,,,,,0.039744
,,,,,0.036376
,,,,,0.043675
,,,,,0.022793
,,,,,0.034474
,,,,,0.025636000000000003
,,,,,0.048754
,,,,,0.030161
,,,,,0.08606699999999999
,,,,,0.051361000000000004
,,,,,0.12011
,,,,,0.084637
,,,,,0.13172
,,,,,0.1102
,,,,,0.11504
,,,,,0.11692000000000001
,,,,,0.072003
,,,,,0.10313
,,,,,0.027893
,,,,,0.071141
,,,,,0.019491
,,,,,0.040343000000000004
,,,,,0.02738
,,,,,0.027241
,,,,,0.021238999999999997
,,,,,0.036169
,,,,,0.025461
,,,,,0.029538
,,,,,0.04123
,,,,,0.017706
,,,,,0.052216
,,,,,0.031013
,,,,,0.035935
,,,,,0.057343
,,,,,0.0039935000000000005
,,,,,0.06507
,,,,,0.037792
,,,,,0.047362
,,,,,0.06441000000000001
,,,,,0.015075999999999999
,,,,,0.06693099999999999
,,,,,0.021296000000000002
,,,,,0.040622000000000005
,,,,,0.042027999999999996
,,,,,0.036161
,,,,,0.041721
,,,,,0.037599
,,,,,0.065346
,,,,,0.041433
,,,,,0.11041
,,,,,0.065858
,,,,,0.13573
,,,,,0.090911
,,,,,0.13226
,,,,,0.11158
,,,,,0.099038
,,,,,0.11143
,,,,,0.046892
,,,,,0.091986
,,,,,0.022775
,,,,,0.056625
,,,,,0.037524
,,,,,0.029233
,,,,,0.032424
,,,,,0.035182
,,,,,0.030423000000000002
,,,,,0.058625
,,,,,0.027500999999999998
,,,,,0.097606
,,,,,0.054225999999999996
,,,,,0.12630999999999998
,,,,,0.099641
,,,,,0.12696
,,,,,0.13534000000000002
,,,,,0.10149
,,,,,0.14415
,,,,,0.063967
,,,,,0.11775
,,,,,0.051462
,,,,,0.066123
,,,,,0.046699
,,,,,0.029547000000000004
,,,,,0.039615
,,,,,0.027856
,,,,,0.044016
,,,,,0.040438999999999996
,,,,,0.043407
,,,,,0.081506
,,,,,0.043213999999999995
,,,,,0.12692
,,,,,0.078444
,,,,,0.15244000000000002
,,,,,0.12354000000000001
,,,,,0.146
,,,,,0.15044000000000002
,,,,,0.11037999999999999
,,,,,0.14533
,,,,,0.065443
,,,,,0.1105
,,,,,0.041255
,,,,,0.062327999999999995
,,,,,0.040438999999999996
,,,,,0.030581999999999998
,,,,,0.038741000000000005
,,,,,0.031214
,,,,,0.04434
,,,,,0.022763
,,,,,0.044116
,,,,,0.020338
,,,,,0.049586
,,,,,0.015271999999999999
,,,,,0.077446
,,,,,0.028204000000000003
,,,,,0.10951
,,,,,0.065032
,,,,,0.12265
,,,,,0.09793400000000001
,,,,,0.10489000000000001
,,,,,0.11423
,,,,,0.062412999999999996
,,,,,0.10313
,,,,,0.018884
,,,,,0.069084
,,,,,0.028633
,,,,,0.035025
,,,,,0.039688
,,,,,0.021758
,,,,,0.028464999999999997
,,,,,0.024412
,,,,,0.023030000000000002
,,,,,0.026989
,,,,,0.01932
,,,,,0.028498000000000002
,,,,,0.017240000000000002
,,,,,0.029725
,,,,,0.01889
,,,,,0.027862
,,,,,0.045166000000000005
,,,,,0.023247999999999998
,,,,,0.06769800000000001
,,,,,0.09121699999999999
,,,,,0.11375
,,,,,0.17881
,,,,,0.17765999999999998
,,,,,0.25074
,,,,,0.23623000000000002
,,,,,0.2807
,,,,,0.26337
,,,,,0.25633
,,,,,0.24709
,,,,,0.18902
,,,,,0.18852
,,,,,0.11087000000000001
,,,,,0.10817
,,,,,0.054291
,,,,,0.041941
,,,,,0.031893
,,,,,0.0
,,,,,0.0
,,,,,0.0
,,,,,0.0
,,,,,0.0
,,,,,0.0
,,,,,0.0
,,,,,0.0
,,,,,0.0
,,,,,0.0
,,,,,0.0
,,,,,0.0
,,,,,0.0
,,,,,0.0
,,,,,0.0
,,,,,0.0
,,,,,0.0
,,,,,0.0
,,,,,0.0
,,,,,0.0
,,,,,0.0
,,,,,0.0
,,,,,0.0
,,,,,0.0
,,,,,0.0
,,,,,0.0
,,,,,0.0
,,,,,0.0
,,,,,0.0
,,,,,0.0
,,,,,0.0
,,,,,0.0
,,,,,0.0
,,,,,0.0
,,,,,0.0
,,,,,0.0
,,,,,0.0
,,,,,0.0
,,,,,0.0
,,,,,0.0
,,,,,0.0
,,,,,0.0
,,,,,0.0
,,,,,0.0
,,,,,0.0
,,,,,0.0
,,,,,0.0
,,,,,0.0
,,,,,0.0
,,,,,0.0
,,,,,0.0
,,,,,0.0
,,,,,0.0
,,,,,0.0
,,,,,0.0
,,,,,0.0
,,,,,0.0
,,,,,0.0
,,,,,0.0
,,,,,0.0
,,,,,0.0
,,,,,0.0
,,,,,0.0
,,,,,0.0
,,,,,0.0
,,,,,0.0
,,,,,0.0
,,,,,0.0
,,,,,0.0
,,,,,0.0
,,,,,0.0
,,,,,0.0
,,,,,0.0
,,,,,0.0
,,,,,0.0
,,,,,0.0
,,,,,0.0
,,,,,0.0
,,,,,0.0
,,,,,0.0
,,,,,0.0
,,,,,0.0
,,,,,0.0
,,,,,0.0
,,,,,0.0
,,,,,0.0
,,,,,0.0
,,,,,0.0
,,,,,0.0
,,,,,0.0
,,,,,0.0
,,,,,0.0
,,,,,0.0
,,,,,0.0
,,,,,0.0
,,,,,0.0
,,,,,0.0
,,,,,0.0
,,,,,0.0
,,,,,0.0
,,,,,0.0
,,,,,0.0
,,,,,0.0
,,,,,0.0
,,,,,0.0
,,,,,0.0
,,,,,0.0
,,,,,0.0
,,,,,0.0
,,,,,0.0
,,,,,0.0
,,,,,0.0
,,,,,0.0
,,,,,0.0
,,,,,0.0
,,,,,0.0
,,,,,0.0
,,,,,0.0
,,,,,0.0
,,,,,0.0
,,,,,0.0
,,,,,0.0
,,,,,0.0
,,,,,0.0
,,,,,0.0
,,,,,0.0
,,,,,0.0
,,,,,0.0
,,,,,0.0
,,,,,0.0
,,,,,0.0
,,,,,0.0
,,,,,0.0
,,,,,0.0
,,,,,0.0
,,,,,0.0
,,,,,0.0
,,,,,0.0
,,,,,0.0
,,,,,0.0
,,,,,0.0
,,,,,0.0
,,,,,0.0
,,,,,0.0
,,,,,0.0
,,,,,0.0
,,,,,0.0
,,,,,0.0
,,,,,0.0
,,,,,0.0
,,,,,0.0
,,,,,0.0
,,,,,0.0
,,,,,0.0
,,,,,0.0
,,,,,0.0
,,,,,0.0
,,,,,0.0
,,,,,0.0
,,,,,0.0
,,,,,0.0
,,,,,0.0
,,,,,0.0
,,,,,0.0
,,,,,0.0
,,,,,0.0
,,,,,0.0
,,,,,0.0
,,,,,0.0
,,,,,0.0
,,,,,0.0
,,,,,0.0
,,,,,0.0
,,,,,0.0
,,,,,0.0
,,,,,0.0
,,,,,0.0
,,,,,0.0
,,,,,0.0
,,,,,0.0
,,,,,0.0
,,,,,0.0
,,,,,0.0
,,,,,0.0
,,,,,0.0
,,,,,0.0
,,,,,0.0
,,,,,0.0
,,,,,0.0
,,,,,0.0
,,,,,0.0
,,,,,0.0
,,,,,0.0
,,,,,0.0
,,,,,0.0
,,,,,0.0
,,,,,0.0
,,,,,0.0
,,,,,0.0
,,,,,0.0
,,,,,0.0
,,,,,0.0
,,,,,0.0
,,,,,0.0
,,,,,0.0
,,,,,0.0
,,,,,0.0
,,,,,0.0
,,,,,0.0
,,,,,0.0
,,,,,0.0
,,,,,0.0
,,,,,0.0
,,,,,0.0
,,,,,0.0
,,,,,0.0
,,,,,0.0
,,,,,0.0
,,,,,0.0
,,,,,0.0
,,,,,0.0
,,,,,0.0
,,,,,0.0
,,,,,0.0
,,,,,0.0
,,,,,0.0
,,,,,0.0
,,,,,0.0
,,,,,0.0
,,,,,0.0
,,,,,0.0
,,,,,0.0
,,,,,0.0
,,,,,0.0
,,,,,0.0
,,,,,0.0
,,,,,0.0
,,,,,0.0
,,,,,0.0
,,,,,0.0
,,,,,0.0
,,,,,0.0
,,,,,0.0
,,,,,0.0
,,,,,0.0
,,,,,0.0
,,,,,0.0
,,,,,0.0
,,,,,0.0
,,,,,0.0
,,,,,0.0
,,,,,0.0
,,,,,0.0
,,,,,0.0
,,,,,0.0
,,,,,0.0
,,,,,0.0
,,,,,0.0
,,,,,0.0
,,,,,0.0
,,,,,0.0
,,,,,0.0
,,,,,0.0
,,,,,0.0
,,,,,0.0
,,,,,0.0
,,,,,0.0
,,,,,0.0
,,,,,0.0
,,,,,0.0
,,,,,0.0
,,,,,0.0
,,,,,0.0
,,,,,0.0
,,,,,0.0
,,,,,0.0
,,,,,0.0
,,,,,0.0
,,,,,0.0
,,,,,0.0
,,,,,0.0
,,,,,0.0
,,,,,0.0
,,,,,0.0
,,,,,0.0
,,,,,0.0
,,,,,0.0
,,,,,0.0
,,,,,0.0
,,,,,0.0
,,,,,0.0
,,,,,0.0
,,,,,0.0
,,,,,0.0
,,,,,0.0
,,,,,0.0
,,,,,0.0
